Proxy list updated at Sat, 07 Nov 15 14:55:02 +0300
IP address:Port Country-Anonymity(Noa/Anm/Hia)-SSL_support(S)-Google_passed(+)

197.254.106.98:8080 KE-N-S - 
93.158.211.28:80 NL-H - 
62.205.15.125:8080 IT-N! + 
200.35.56.98:80 CO-A - 
178.63.104.139:9999 DE-A + 
92.222.14.156:8080 FR-N - 
190.38.8.112:3128 VE-N-S + 
103.247.101.102:8080 ID-N - 
104.42.106.203:8080 US-N + 
222.186.60.107:8088 CN-A - 
124.207.132.242:3128 CN-N-S - 
176.103.33.248:8080 PL-N-S + 
177.87.241.94:8080 BR-A - 
41.33.185.38:8080 EG-N-S - 
85.132.36.35:8080 AZ-N-S + 
193.194.69.36:3128 DZ-N + 
186.88.55.60:3128 VE-N-S - 
87.98.218.86:3128 FR-A + 
186.137.151.83:3128 AR-H + 
84.253.68.178:8080 RU-N-S - 
187.86.182.34:8080 BR-N - 
86.107.110.120:3128 RO-A - 
92.255.187.219:8080 RU-N-S + 
80.112.143.63:80 NL-A - 
91.98.141.196:8080 IR-N - 
62.162.6.5:80 MK-N + 
138.219.97.139:8080 BR-N-S - 
193.37.152.186:3128 DE-N-S - 
153.120.168.102:80 JP-H 
173.73.19.153:80 US-H - 
218.28.90.118:3128 CN-N-S - 
79.175.28.102:8081 RU-N-S + 
202.183.32.182:80 PH-H! - 
37.1.54.110:80 RU-A + 
61.175.220.4:3128 CN-N-S + 
109.224.27.35:8080 IQ-N - 
190.75.164.151:3128 VE-N-S + 
113.252.147.81:3128 HK-N + 
81.20.163.238:3128 RU-N-S + 
188.136.149.22:8080 IR-N + 
46.209.222.163:8080 IR-H-S + 
213.27.74.10:8080 RU-N-S + 
95.215.52.150:8080 PL-N-S - 
133.242.142.16:80 JP-H + 
200.192.253.151:8080 BR-N - 
88.159.115.127:80 NL-A - 
201.234.75.232:80 CO-N! + 
180.166.112.47:8888 CN-A + 
217.219.94.66:8080 IR-N-S + 
82.204.105.220:80 NL-A - 
198.99.224.134:80 US-A + 
182.71.65.58:8080 IN-H-S! - 
197.255.161.54:8080 NG-A - 
120.198.236.10:80 CN-A - 
198.11.179.88:3128 US-N + 
67.52.21.162:8080 US-N - 
202.149.89.90:3128 ID-N - 
81.145.209.220:80 GB-H - 
185.112.234.4:80 IQ-H! + 
94.23.118.99:80 FR-H + 
119.97.164.48:8085 CN-H - 
186.67.158.43:3128 CL-N + 
190.199.202.28:8888 VE-H-S + 
201.249.202.166:8089 VE-N + 
151.80.35.146:80 FR-H + 
200.46.94.202:3128 PA-N + 
103.48.16.254:80 BD-H - 
177.184.8.123:80 BR-A - 
89.46.100.86:3128 RO-N! + 
45.63.51.214:80 US-N - 
123.7.137.156:3128 CN-N - 
23.97.129.102:3128 US-N + 
124.81.226.146:8080 ID-N - 
5.133.13.90:3128 PL-N - 
202.62.85.186:8080 IN-A - 
61.175.221.244:3128 CN-N-S - 
31.41.224.1:8080 RU-N-S! + 
82.139.186.109:8080 PL-N - 
85.114.54.81:80 HR-H + 
193.231.187.92:3128 RO-N + 
193.93.48.249:8080 UA-N! + 
46.219.116.2:8081 UA-N-S + 
190.140.249.58:3128 PA-N - 
192.99.246.195:3128 CA-N + 
203.174.53.94:3128 HK-A - 
45.114.88.21:8080 BD-N + 
205.189.170.150:80 CA-H! + 
212.185.87.53:443 DE-H - 
95.109.117.232:8085 SE-N-S + 
201.144.9.102:8080 MX-A-S! - 
83.231.34.133:80 ES-N - 
190.184.144.174:8080 CO-N-S + 
125.212.37.72:3128 PH-A - 
62.214.140.226:3128 DE-N-S + 
14.39.140.6:8080 KR-N-S + 
119.105.177.105:8118 JP-H - 
211.218.126.189:3128 KR-N-S - 
107.170.44.114:3128 US-N-S + 
124.244.76.175:80 HK-A + 
85.143.24.70:80 RU-A - 
194.44.211.78:8080 UA-N-S - 
189.113.89.186:8080 BR-N - 
149.202.192.36:80 FR-H + 
118.126.142.209:3128 CN-N - 
39.65.153.0:9999 CN-N - 
201.149.108.131:8080 BR-N - 
178.252.189.226:3128 IR-H - 
202.169.32.170:3128 ID-A - 
42.121.105.155:8888 CN-A - 
213.14.53.229:8080 TR-N-S - 
212.73.75.242:3128 AM-N + 
111.12.83.26:80 CN-A + 
198.199.85.188:3128 US-N + 
112.137.164.232:3128 MY-A + 
36.226.249.62:80 TW-H + 
201.249.88.202:3128 VE-N + 
46.36.112.93:8000 IR-N - 
202.110.91.174:3128 CN-A-S + 
185.95.185.138:8080 IQ-N-S + 
190.199.147.247:8080 VE-N - 
178.248.41.254:8080 IR-N - 
130.117.10.35:80 EU-A + 
37.187.151.78:80 FR-H + 
119.81.111.230:3128 SG-N + 
64.62.233.67:80 US-A + 
152.14.84.215:8000 US-A + 
201.251.62.245:3128 AR-N! - 
194.186.45.72:8080 RU-N - 
37.16.71.41:8080 DE-N! + 
41.78.88.181:8080 NG-N - 
181.211.191.227:8080 EC-N + 
202.142.159.250:8081 PK-N-S + 
185.42.214.194:3128 IR-N + 
221.176.14.72:80 CN-H! - 
202.173.214.23:8080 TH-N - 
115.87.176.99:8080 TH-N - 
71.204.227.247:8888 US-A + 
122.152.53.182:8080 BD-N-S - 
194.213.60.227:8585 CZ-N + 
82.114.82.58:8080 AL-N - 
183.224.77.75:3128 CN-N-S - 
177.126.81.50:3128 BR-N-S - 
198.108.96.38:80 US-N-S! + 
146.185.252.78:8888 RU-H-S - 
195.186.81.94:80 CH-N + 
114.40.233.186:80 TW-A + 
72.232.20.202:80 US-A! - 
77.100.0.36:80 GB-H - 
74.208.184.125:3128 US-N - 
218.161.34.107:8080 TW-A + 
193.178.187.187:9999 UA-N-S + 
94.23.196.68:3128 FR-N - 
117.244.15.243:3128 IN-N - 
179.211.171.184:8080 BR-N + 
61.19.30.198:8080 TH-N-S - 
94.23.188.28:3128 FR-N! - 
84.30.71.59:80 NL-A - 
121.42.156.220:3128 CN-N + 
49.0.39.240:8080 BD-N - 
117.136.234.18:843 CN-A - 
111.12.83.35:80 CN-A 
83.241.46.175:8080 LV-N-S + 
180.250.174.250:8080 ID-N-S + 
180.166.56.47:80 CN-H - 
62.165.42.170:8080 RU-N-S + 
118.244.239.2:3128 CN-N - 
14.36.4.200:3128 KR-N-S - 
193.25.120.235:8080 UA-N-S + 
119.147.161.55:3128 CN-N - 
190.85.155.172:8080 CO-N! - 
41.87.81.138:8080 NG-N-S + 
200.25.233.165:8080 CO-N-S - 
80.242.34.175:8090 SK-N - 
45.124.64.79:80 HK-A + 
212.36.30.174:8080 BG-N-S + 
92.110.173.139:80 NL-A + 
122.72.33.139:80 CN-N - 
121.119.185.45:3128 JP-N + 
120.26.79.126:3128 CN-N - 
213.57.90.10:18000 IL-H + 
176.103.32.22:8080 PL-N-S! + 
151.80.129.21:8888 FR-H + 
117.177.243.42:84 CN-A + 
212.3.153.177:3128 RU-N-S - 
103.31.178.114:8080 BD-N + 
183.239.167.122:8080 CN-A - 
180.183.161.6:9080 TH-N + 
121.42.205.17:3128 CN-N + 
115.124.72.78:8585 ID-N-S + 
209.29.141.133:8080 CA-H-S! + 
91.183.124.41:80 BE-H - 
197.96.20.224:80 ZA-H - 
122.94.235.160:8118 CN-A 
94.100.61.2:8080 RS-N-S! - 
190.214.40.35:8080 EC-N - 
93.158.193.75:80 RU-N + 
197.89.127.166:8080 ZA-N - 
206.123.214.4:443 US-A - 
200.87.139.114:8181 BO-N + 
149.156.112.55:80 PL-A! - 
73.155.26.120:80 US-H + 
117.169.4.135:80 CN-A - 
188.129.255.226:3128 GE-N-S + 
210.4.72.138:8080 BD-N-S - 
84.75.24.86:80 CH-A - 
109.251.37.238:21320 UA-H-S 
159.226.40.218:10001 CN-A + 
177.125.8.154:3128 BR-N-S + 
201.20.94.107:8080 BR-N! - 
210.1.81.52:80 PH-N - 
180.148.210.235:8080 BD-N-S - 
177.136.113.38:8080 BR-A - 
83.146.71.163:3128 RU-N + 
137.116.91.0:3128 US-N + 
122.70.178.242:8118 CN-A - 
173.164.115.45:9090 US-N + 
200.123.104.154:80 AR-N! + 
62.163.129.14:80 NL-A - 
177.55.254.196:8080 BR-N - 
188.195.104.119:80 DE-A - 
117.102.84.140:8888 ID-N - 
110.17.172.150:3128 CN-N-S + 
200.127.206.41:8080 AR-N-S + 
31.28.11.166:3128 RU-H - 
91.221.109.192:8888 RU-H + 
178.215.111.70:9999 RU-N-S + 
110.74.182.53:3128 MY-N + 
86.100.118.44:80 LT-H + 
81.89.105.135:80 DE-H + 
203.88.160.186:80 HK-A - 
91.187.92.119:8080 AD-N-S - 
94.203.96.16:80 AE-A - 
117.136.234.18:80 CN-A 
74.208.205.217:3128 US-N - 
188.166.236.230:8888 SG-N - 
104.200.28.136:3128 US-N-S + 
190.102.151.235:3128 PE-N-S - 
5.150.247.73:8080 SE-N + 
103.225.66.138:3128 ID-A! - 
181.177.237.226:80 PE-H! + 
52.27.93.199:80 US-A + 
182.52.138.42:8080 TH-N-S - 
47.88.15.202:3128 CA-N + 
122.225.106.36:80 CN-N! - 
198.11.172.39:3128 US-N-S - 
104.236.118.56:3128 US-N + 
118.213.191.2:3128 CN-N-S - 
80.112.184.247:80 NL-A - 
80.242.219.50:3128 KZ-H - 
178.22.148.122:3129 FR-N - 
107.191.45.189:80 US-N + 
146.185.149.184:3128 NL-N-S + 
123.30.75.115:80 VN-N - 
117.102.120.146:8080 ID-N - 
178.252.146.6:8080 IR-N + 
195.175.201.170:8080 TR-N-S + 
91.238.29.192:9999 RU-N-S + 
52.27.197.99:3128 US-N + 
95.106.16.92:8080 RU-H + 
109.73.185.190:8080 IT-N-S + 
218.75.26.44:808 CN-A! - 
189.5.193.19:3128 BR-N - 
136.0.16.217:7808 US-N - 
159.255.167.131:8080 IQ-N - 
163.28.10.162:8888 TW-N + 
58.96.187.234:3128 HK-N - 
177.75.236.25:8080 BR-N-S - 
190.202.82.234:3128 VE-N + 
119.148.9.130:8080 BD-N-S + 
89.238.136.154:80 GB-H - 
189.36.144.86:8080 BR-A + 
207.182.147.86:3128 US-N + 
84.124.11.207:3128 ES-N - 
190.98.162.22:8080 AR-N-S + 
188.253.127.196:8080 IR-N-S! + 
85.15.176.223:8080 RU-A-S - 
185.31.218.42:8080 PL-N-S + 
115.159.5.247:80 CN-A - 
58.96.181.6:3128 HK-N + 
200.43.219.116:8080 AR-N-S! + 
117.169.4.135:81 CN-A 
89.250.145.212:3128 RU-N + 
195.40.6.43:3128 GB-A - 
176.221.69.194:8080 IR-N-S + 
190.116.28.26:80 PE-H - 
104.236.209.80:3128 US-A + 
178.124.180.246:8080 BY-N-S + 
94.100.59.2:8080 RS-N-S! - 
213.217.47.221:8080 IR-N-S + 
90.155.154.76:8080 RU-N - 
41.215.7.94:8080 KE-A + 
77.41.170.86:8080 RU-N-S - 
116.242.19.241:3128 CN-N - 
1.32.62.2:80 MY-H! - 
88.159.140.239:80 NL-A + 
203.128.16.114:8080 PK-N + 
118.161.184.99:80 TW-A - 
14.140.151.30:8080 IN-A - 
195.116.53.251:3128 PL-N + 
177.43.243.107:8080 BR-A-S - 

Free HTTP/HTTPS(SSL) proxy list only. Text format. Updated hourly.